,OC,MF_OC,EC,MF_EC,ABS_ERROR_EC,ABS_ERROR_OC
41,3.84,3.84,1.5,1.5686000000000002,0.06860000000000022,0.0
641,4.47,4.7424,1.6,1.6,0.0,0.2724000000000002
692,3.42,3.670600000000002,1.1,1.1,0.0,0.25060000000000215
721,5.67,5.5265999999999975,1.53,1.53,0.0,0.14340000000000241
722,5.21,5.1495000000000015,1.55,1.55,0.0,0.060499999999998444
1722,2.02,1.8955000000000013,0.47,0.47,0.0,0.12449999999999872
1746,4.07,4.465499999999997,1.59,1.59,0.0,0.39549999999999663
1770,3.45,4.319800000000001,1.38,1.38,0.0,0.8698000000000006
1781,3.02,3.614699999999999,0.98,0.98,0.0,0.5946999999999991
1782,2.63,3.5979999999999976,1.14,1.14,0.0,0.9679999999999978
1799,2.51,3.1983000000000015,1.03,1.03,0.0,0.6883000000000017
1801,1.8,1.8,0.59,0.9068999999999998,0.31689999999999985,0.0
1853,4.09,4.3833,1.77,1.77,0.0,0.29330000000000034
1883,5.65,5.65,2.24,1.9894999999999996,0.2505000000000006,0.0
1947,5.47,7.130299999999998,2.62,2.62,0.0,1.6602999999999986
1948,5.89,6.7174999999999985,2.17,2.17,0.0,0.8274999999999988
1949,6.37,6.37,1.79,2.2632999999999983,0.4732999999999983,0.0
1992,5.38,5.1068,1.26,1.26,0.0,0.2732000000000001
2127,5.35,5.35,2.06,1.9144000000000003,0.14559999999999973,0.0
2128,5.24,5.24,2.17,1.8822000000000005,0.2877999999999994,0.0
2138,5.51,5.493900000000001,2.31,2.31,0.0,0.016099999999998893
2192,5.41,4.846700000000002,2.32,1.9568,0.36319999999999975,0.5632999999999981
2192,5.41,4.846700000000002,2.32,1.9568,0.36319999999999975,0.5632999999999981
2201,4.31,4.31,1.29,1.4723000000000008,0.1823000000000008,0.0
2205,3.42,3.42,2.27,1.7390999999999999,0.5309000000000001,0.0
2214,3.3,3.3,1.88,2.1441999999999997,0.26419999999999977,0.0
2284,3.54,3.6852,1.22,1.22,0.0,0.1452
2310,3.78,4.519399999999998,1.61,1.61,0.0,0.7393999999999985
2377,2.84,2.84,1.61,1.3455000000000006,0.2644999999999995,0.0
2385,2.83,2.83,1.58,1.7215000000000011,0.14150000000000107,0.0
2391,5.48,5.538799999999998,3.19,3.19,0.0,0.058799999999997965
2415,6.88,5.855800000000001,2.32,2.32,0.0,1.0241999999999987
2424,4.86,4.538300000000001,2.18,2.18,0.0,0.321699999999999
2723,4.28,4.28,2.91,2.784800000000003,0.1251999999999973,0.0
2760,2.56,3.169800000000001,0.78,0.78,0.0,0.6098000000000008
3059,3.07,3.6994000000000025,1.03,1.03,0.0,0.6294000000000026
3076,2.24,2.24,1.06,0.9013000000000002,0.15869999999999984,0.0
3083,2.26,3.159899999999999,0.77,0.77,0.0,0.8998999999999993
3086,2.3,2.3,0.39,0.7187,0.3287,0.0
3091,2.85,2.479500000000001,0.36,0.36,0.0,0.37049999999999894
3156,1.9,2.0891000000000006,0.52,0.52,0.0,0.1891000000000007
3168,2.29,2.29,1.2,1.1324999999999994,0.06750000000000056,0.0
3242,4.37,4.37,1.48,1.3656000000000006,0.11439999999999939,0.0
3249,4.72,4.7327,1.8,1.8,0.0,0.0127000000000006
3261,0.44,0.44,0.26,0.20749999999999996,0.05250000000000005,0.0
3264,0.25,0.25,0.2,0.22469999999999996,0.024699999999999944,0.0
3265,0.24,0.5275,0.38,0.38,0.0,0.2875
3270,2.23,2.23,0.61,0.6180999999999998,0.008099999999999774,0.0
3276,1.83,1.83,0.56,0.5673999999999997,0.007399999999999629,0.0
3299,4.53,4.53,2.18,2.0645000000000002,0.11549999999999994,0.0
3477,5.21,3.913299999999998,1.21,1.21,0.0,1.2967000000000022
3488,5.31,5.707400000000002,2.26,2.26,0.0,0.397400000000002
3500,5.98,5.875099999999999,2.17,2.17,0.0,0.10490000000000155
3509,5.34,5.461200000000002,1.82,1.82,0.0,0.12120000000000175
3522,5.67,5.903299999999999,3.44,3.44,0.0,0.23329999999999895
3580,2.71,2.71,2.0,1.8440000000000012,0.1559999999999988,0.0
3615,5.14,4.063200000000002,1.49,1.49,0.0,1.0767999999999978
3684,3.12,2.8563000000000005,0.97,0.97,0.0,0.2636999999999996
3686,5.42,3.819799999999997,0.95,0.95,0.0,1.6002000000000027
3693,2.67,2.67,0.64,0.754,0.11399999999999999,0.0
3722,2.06,2.790699999999999,0.98,0.98,0.0,0.7306999999999988
3727,1.47,1.47,1.62,1.2168,0.4032,0.0
3728,2.48,2.768700000000001,2.7,2.7,0.0,0.28870000000000084
3731,1.74,1.74,1.29,0.8291,0.4609000000000001,0.0
3743,2.37,2.37,1.7,1.4882999999999997,0.21170000000000022,0.0
3750,3.52,3.52,1.75,1.8810000000000004,0.13100000000000045,0.0
3758,3.46,2.763300000000001,0.92,0.92,0.0,0.696699999999999
3790,1.02,1.3476000000000001,0.7,0.7,0.0,0.3276000000000001
3889,2.31,2.31,0.46,0.8281000000000001,0.36810000000000004,0.0
3901,2.08,2.08,1.05,0.9458000000000003,0.10419999999999974,0.0
3936,1.73,2.1542999999999997,0.47,0.47,0.0,0.4242999999999997
4016,1.2,1.2,0.9,0.5833000000000003,0.31669999999999976,0.0
4036,2.51,3.1339999999999986,0.73,0.73,0.0,0.6239999999999988
4048,3.58,4.436299999999999,1.45,1.45,0.0,0.8562999999999992
4061,5.12,5.640100000000001,1.51,1.51,0.0,0.5201000000000011
4081,2.45,2.45,0.68,0.9533000000000001,0.2733000000000001,0.0
4082,3.06,3.06,0.77,0.9907000000000004,0.22070000000000034,0.0
4098,1.12,1.6251000000000007,0.36,0.36,0.0,0.5051000000000005
4103,1.14,1.14,1.18,0.9226999999999999,0.2573000000000001,0.0
4119,5.03,5.03,2.46,2.0989999999999993,0.36100000000000065,0.0
4145,9.07,9.07,1.73,2.0981000000000005,0.36810000000000054,0.0
4147,8.52,8.52,1.3,1.9272999999999996,0.6272999999999995,0.0
4186,2.63,2.63,1.52,0.9616000000000001,0.5583999999999999,0.0
4207,2.77,2.77,1.18,1.1998,0.01980000000000004,0.0
4216,3.58,2.906000000000002,0.69,0.69,0.0,0.6739999999999982
4256,4.07,3.1678000000000015,1.03,1.03,0.0,0.9021999999999988
4264,2.5,2.5,0.69,0.5060999999999999,0.18390000000000006,0.0
4265,3.13,2.417799999999999,0.57,0.57,0.0,0.712200000000001
4271,2.85,2.0455999999999994,0.63,0.63,0.0,0.8044000000000007
4286,3.68,3.68,0.59,1.0532,0.46319999999999995,0.0
4306,3.87,3.87,1.36,1.3919000000000008,0.031900000000000706,0.0
4316,3.06,3.153,0.71,0.71,0.0,0.09299999999999997
4324,3.74,3.5646999999999998,1.81,1.6027000000000007,0.20729999999999937,0.17530000000000046
4324,3.74,3.5646999999999998,1.81,1.6027000000000007,0.20729999999999937,0.17530000000000046
4325,2.94,3.1522,1.26,1.26,0.0,0.21220000000000017
4417,0.44,1.1109,0.14,0.14,0.0,0.6709
4438,2.77,2.77,1.09,0.9759000000000002,0.11409999999999987,0.0
4567,3.15,3.15,1.6,1.1719999999999993,0.4280000000000008,0.0
4582,2.39,3.131500000000001,0.9,0.9,0.0,0.7415000000000007
4625,14.35,10.242199999999999,2.76,2.76,0.0,4.107800000000001
4695,2.97,2.0826,0.26,0.26,0.0,0.8874000000000004
4763,0.58,0.58,0.08,0.3715,0.2915,0.0
4766,1.45,2.3414000000000015,0.24,0.24,0.0,0.8914000000000015
4791,3.64,4.198399999999999,1.23,1.23,0.0,0.5583999999999985
4816,4.85,3.1762999999999995,0.91,0.91,0.0,1.6737000000000002
4868,3.45,4.2923,0.9,0.9,0.0,0.8422999999999998
4898,2.28,2.5275,0.77,0.77,0.0,0.24750000000000005
4924,1.54,1.6690999999999996,0.35,0.35,0.0,0.12909999999999955
4925,1.68,1.68,0.38,0.6250000000000001,0.2450000000000001,0.0
4951,1.56,1.9500999999999993,0.91,0.91,0.0,0.3900999999999992
5015,2.51,2.51,0.72,0.8105999999999998,0.09059999999999979,0.0
5041,4.45,3.7215000000000003,1.18,1.18,0.0,0.7284999999999999
5051,2.0,3.6308999999999996,1.44,1.44,0.0,1.6308999999999996
5128,2.78,1.6997000000000007,0.73,0.73,0.0,1.0802999999999991
5156,2.14,2.14,0.82,0.5986000000000002,0.2213999999999997,0.0
5209,3.64,3.64,1.23,1.2954999999999997,0.06549999999999967,0.0
5239,6.73,5.101,1.67,1.67,0.0,1.6290000000000004
5246,14.73,14.73,2.44,2.140699999999999,0.299300000000001,0.0
5255,4.27,4.27,0.73,1.0489999999999997,0.31899999999999973,0.0
5411,2.0,2.0,1.34,0.8556,0.48440000000000005,0.0
5416,0.8,0.8,0.17,0.4476999999999998,0.27769999999999984,0.0
5420,2.31,2.31,0.68,0.6325999999999997,0.04740000000000033,0.0
5456,2.16,2.16,0.83,0.6332999999999999,0.1967000000000001,0.0
5547,7.55,6.9605000000000015,1.4,1.4,0.0,0.5894999999999984
5590,4.72,4.72,0.8,0.9776999999999996,0.17769999999999953,0.0
5614,4.34,3.8204000000000007,0.82,0.82,0.0,0.5195999999999992
5622,2.8,2.5696000000000003,0.74,0.74,0.0,0.2303999999999995
5687,1.77,1.77,0.62,0.5628999999999998,0.05710000000000015,0.0
5811,2.34,2.9295999999999993,0.74,0.74,0.0,0.5895999999999995
5818,2.42,2.42,0.7,0.5517999999999998,0.1482000000000001,0.0
5843,0.58,1.14,0.57,0.57,0.0,0.5599999999999999
5908,0.41,0.7486000000000003,0.16,0.16,0.0,0.3386000000000003
5929,3.95,3.95,1.09,1.2935000000000003,0.20350000000000024,0.0
5959,1.67,1.67,1.85,0.6125,1.2375,0.0
5992,2.44,2.44,0.65,1.0543,0.4043,0.0
5999,3.03,3.03,1.23,1.6656999999999997,0.43569999999999975,0.0
6032,2.33,2.33,1.95,1.4774999999999994,0.4725000000000006,0.0
6073,1.91,1.91,0.97,1.0096000000000003,0.0396000000000003,0.0
6080,0.82,2.922300000000001,1.17,1.17,0.0,2.102300000000001
6093,4.33,4.054999999999997,2.02,2.02,0.0,0.275000000000003
6172,1.23,3.2921999999999985,1.43,1.43,0.0,2.0621999999999985
6177,2.53,2.880100000000001,1.0,1.0,0.0,0.3501000000000012
6184,3.36,3.695500000000001,0.64,0.64,0.0,0.335500000000001
6190,1.46,1.46,1.08,0.8729999999999994,0.20700000000000063,0.0
6215,3.76,3.256500000000001,1.48,1.48,0.0,0.503499999999999
6231,4.42,4.467100000000001,1.38,1.38,0.0,0.04710000000000125
6235,3.99,3.99,1.53,1.0939,0.43609999999999993,0.0
6239,4.19,4.19,1.75,1.8044000000000002,0.054400000000000226,0.0
6245,2.05,2.05,1.06,0.7239999999999998,0.3360000000000003,0.0
6257,1.54,1.54,0.5,0.5055000000000001,0.00550000000000006,0.0
6270,0.55,2.0754,0.05,0.05,0.0,1.5254
6333,6.52,6.52,1.41,1.1287,0.2812999999999999,0.0
6357,6.13,6.13,0.94,0.8414999999999999,0.09850000000000003,0.0
6383,7.34,6.9704000000000015,1.55,1.55,0.0,0.3695999999999984
6430,10.69,8.43430000000001,1.82,1.82,0.0,2.2556999999999903
6475,3.73,4.8206000000000016,0.96,0.96,0.0,1.0906000000000016
6482,2.75,2.75,0.45,0.8747999999999996,0.42479999999999957,0.0
6580,3.65,3.833899999999998,1.21,1.21,0.0,0.18389999999999818
6613,3.25,3.1564999999999976,1.03,1.03,0.0,0.09350000000000236
6639,0.97,0.97,0.32,0.23890000000000003,0.08109999999999998,0.0
6779,2.17,2.17,0.22,0.3158000000000001,0.09580000000000008,0.0
6782,2.0,1.7757000000000005,0.33,0.33,0.0,0.2242999999999995
6800,3.13,3.13,2.18,1.139,1.0410000000000001,0.0
6820,3.12,3.12,0.71,0.9283000000000002,0.21830000000000027,0.0
6828,4.96,4.96,1.0,1.9278000000000006,0.9278000000000006,0.0
6829,4.76,4.76,0.91,1.2781,0.3681,0.0
6859,3.76,3.76,1.43,0.9237000000000005,0.5062999999999994,0.0
6879,3.43,3.43,0.77,1.0378000000000005,0.2678000000000005,0.0
6959,4.28,4.5136,1.48,1.48,0.0,0.23360000000000003
6977,3.54,3.6988,1.07,1.07,0.0,0.15879999999999983
7024,10.03,10.03,2.58,2.2747000000000015,0.3052999999999986,0.0
7040,4.75,6.3573,3.89,3.89,0.0,1.6073000000000004
7044,6.31,6.31,2.76,2.8975000000000004,0.13750000000000062,0.0
7065,2.12,2.3085,0.83,0.83,0.0,0.1884999999999999
7069,1.86,1.86,0.51,0.4609000000000001,0.04909999999999992,0.0
7084,1.57,1.7571000000000003,0.34,0.34,0.0,0.18710000000000027
7091,2.37,4.208499999999999,0.99,0.99,0.0,1.838499999999999
7092,1.92,1.92,0.51,0.6285999999999998,0.11859999999999982,0.0
7100,3.7,2.8803,0.89,0.89,0.0,0.8197000000000001
7108,0.86,0.86,0.14,0.12709999999999996,0.01290000000000005,0.0
7128,1.67,1.4542999999999995,0.22,0.22,0.0,0.21570000000000045
7134,1.86,1.86,0.15,0.22610000000000008,0.07610000000000008,0.0
7149,2.42,2.538500000000001,0.74,0.74,0.0,0.11850000000000094
7152,2.72,1.8349999999999997,0.35,0.35,0.0,0.8850000000000005
7210,5.64,6.0212,2.31,2.31,0.0,0.38120000000000065
7226,4.88,3.1836,1.35,1.35,0.0,1.6963999999999997
7276,3.19,2.3613999999999997,0.36,0.36,0.0,0.8286000000000002
7328,1.96,2.376899999999999,0.68,0.68,0.0,0.41689999999999916
7379,4.92,4.92,2.13,1.8136999999999999,0.3163,0.0
7389,3.32,3.32,1.51,1.4880999999999998,0.021900000000000253,0.0
7394,4.13,4.13,1.25,1.5689000000000006,0.3189000000000006,0.0
7413,4.88,4.975699999999999,1.72,1.72,0.0,0.09569999999999901
7533,3.77,3.5174999999999996,0.97,0.97,0.0,0.2525000000000004
7568,2.26,3.641600000000001,1.24,1.24,0.0,1.381600000000001
7574,3.09,3.6995999999999984,1.13,1.13,0.0,0.6095999999999986
7579,3.61,3.61,1.31,0.9716000000000001,0.3383999999999999,0.0
7625,4.04,4.04,1.22,1.4089000000000005,0.1889000000000005,0.0
7649,5.31,4.2406,1.48,1.48,0.0,1.0694
8097,3.84,4.6035,2.21,2.21,0.0,0.7635000000000005
8104,4.52,4.52,1.64,1.6901000000000008,0.05010000000000092,0.0
8136,7.4,7.915100000000001,3.16,3.16,0.0,0.5151000000000003
8155,4.32,5.4780000000000015,1.84,1.84,0.0,1.1580000000000013
8187,1.72,1.72,0.48,0.5398999999999998,0.05989999999999984,0.0
8258,2.91,2.91,0.64,0.6448999999999998,0.004899999999999793,0.0
8377,4.78,4.861199999999998,1.31,1.31,0.0,0.08119999999999816
8410,2.75,2.75,0.98,0.9125999999999999,0.06740000000000013,0.0
8428,4.0,3.9111999999999973,1.27,1.27,0.0,0.08880000000000265
8452,8.24,4.659499999999997,2.54,2.54,0.0,3.5805000000000033
8464,4.15,4.15,1.62,1.4459999999999993,0.17400000000000082,0.0
8497,3.34,3.34,1.25,1.1679000000000002,0.08209999999999984,0.0
8560,1.52,2.566399999999998,0.75,0.75,0.0,1.046399999999998
8578,3.73,4.4408999999999965,1.68,1.68,0.0,0.7108999999999965
8585,5.35,5.35,2.14,1.8176000000000008,0.32239999999999935,0.0
8591,7.08,7.08,2.61,2.4413000000000014,0.16869999999999852,0.0
8599,6.64,6.955199999999999,2.89,2.89,0.0,0.31519999999999904
8628,5.97,7.152699999999998,2.47,2.47,0.0,1.1826999999999979
8649,4.45,4.45,2.05,1.4488999999999999,0.6011,0.0
9139,3.89,3.89,0.99,0.9401999999999994,0.04980000000000062,0.0
9151,1.87,1.87,0.66,0.7657999999999998,0.10579999999999978,0.0
9159,4.3,4.3,1.53,1.7587999999999995,0.22879999999999945,0.0
9160,4.79,5.399400000000001,2.1,2.1,0.0,0.6094000000000008
9165,6.02,5.541199999999999,2.3,2.3,0.0,0.47880000000000056
9175,5.5,5.483600000000003,1.98,1.98,0.0,0.016399999999997306
9185,8.23,8.784499999999998,3.76,3.76,0.0,0.5544999999999973
9210,7.77,7.77,3.3,3.2010999999999994,0.09890000000000043,0.0
9300,2.49,3.6703000000000015,0.99,0.99,0.0,1.1803000000000012
9303,3.19,3.19,1.0,1.0517999999999996,0.051799999999999624,0.0
9309,8.13,8.13,3.77,2.3883,1.3817,0.0
9324,7.23,7.23,2.79,1.8003999999999996,0.9896000000000005,0.0
9326,5.64,5.823499999999999,2.04,2.04,0.0,0.18349999999999955
9410,5.39,5.39,1.9,1.8703999999999998,0.02960000000000007,0.0
9419,1.58,1.58,0.48,0.42590000000000017,0.054099999999999815,0.0
9473,2.94,2.94,1.4,0.8754,0.5246,0.0
9486,9.13,9.13,3.36,3.181000000000001,0.17899999999999894,0.0
9506,1.93,2.6477,0.81,0.81,0.0,0.7177
9524,2.82,3.4062000000000023,1.19,1.19,0.0,0.5862000000000025
9651,5.06,5.06,1.66,1.6901,0.030100000000000016,0.0
9660,4.32,4.32,1.74,1.3300000000000003,0.4099999999999997,0.0
9661,3.83,4.464000000000001,1.56,1.56,0.0,0.6340000000000012
9671,2.41,2.865600000000001,0.89,0.89,0.0,0.4556000000000009
9688,5.45,6.0817000000000005,2.63,2.63,0.0,0.6317000000000004
9709,6.89,6.89,2.95,2.2917,0.6583000000000001,0.0
9717,3.92,3.92,1.43,0.8809999999999999,0.549,0.0
9744,1.83,2.1119,0.6,0.6,0.0,0.2818999999999998
9767,3.12,2.8269000000000015,0.71,0.71,0.0,0.2930999999999986
9782,2.11,2.11,0.65,0.6891000000000002,0.039100000000000135,0.0
9788,2.71,2.4020000000000015,0.59,0.59,0.0,0.3079999999999985
9793,1.87,2.3691999999999993,0.4,0.4,0.0,0.4991999999999992
9804,3.42,3.0175000000000005,0.82,0.82,0.0,0.4024999999999994
9810,2.8,3.4381000000000017,0.95,0.95,0.0,0.6381000000000019
9818,2.43,2.728699999999999,0.82,0.82,0.0,0.29869999999999886
9824,3.01,3.01,1.2,1.2659,0.06590000000000007,0.0
9831,4.52,4.52,1.86,1.9805,0.12049999999999983,0.0
9836,3.71,4.216300000000001,1.51,1.51,0.0,0.5063000000000013
9840,4.37,4.629299999999998,1.78,1.78,0.0,0.25929999999999787
9889,5.95,8.235500000000007,3.11,3.11,0.0,2.285500000000007
9989,1.81,1.81,0.73,0.6648000000000001,0.06519999999999992,0.0
10039,2.24,3.267600000000001,1.09,1.09,0.0,1.027600000000001
10043,3.18,3.484499999999999,1.57,1.57,0.0,0.30449999999999866
10052,5.64,5.64,1.99,1.5485000000000002,0.4414999999999998,0.0
10082,1.93,2.1697,0.86,0.86,0.0,0.23970000000000025
10093,2.66,3.6976,1.47,1.47,0.0,1.0375999999999999
10109,3.37,3.37,1.41,1.3156000000000008,0.09439999999999915,0.0
10119,3.29,3.29,0.6,0.8728000000000002,0.27280000000000026,0.0
10150,3.14,3.5901999999999985,1.15,1.15,0.0,0.4501999999999984
10175,3.27,3.7792000000000012,1.35,1.35,0.0,0.5092000000000012
10185,3.11,3.3662000000000005,2.23,2.23,0.0,0.25620000000000065
10219,2.4,2.4,1.07,1.0509000000000002,0.019099999999999895,0.0
10246,1.08,1.8443999999999996,0.54,0.54,0.0,0.7643999999999995
10250,1.13,1.13,0.55,0.4858000000000001,0.06419999999999992,0.0
10271,2.43,2.43,1.1,0.8713999999999996,0.22860000000000047,0.0
10343,2.23,2.23,0.81,0.6976999999999998,0.11230000000000029,0.0
10452,3.71,3.71,1.07,1.5944000000000003,0.5244000000000002,0.0
10461,3.9,4.800899999999998,1.56,1.56,0.0,0.9008999999999978
10466,5.9,5.9,2.16,2.355300000000002,0.1953000000000018,0.0
10479,3.3,3.3,1.43,1.6028000000000002,0.1728000000000003,0.0
10484,5.39,5.39,1.82,1.9074,0.08739999999999992,0.0
10555,5.4,5.4,1.22,1.3263999999999996,0.1063999999999996,0.0
10565,5.78,5.925900000000002,1.22,1.22,0.0,0.14590000000000192
10571,10.37,10.37,2.38,2.6237999999999992,0.24379999999999935,0.0
10603,5.96,5.96,1.73,1.5584,0.17159999999999997,0.0
10644,6.6,7.530000000000002,2.59,2.59,0.0,0.9300000000000024
10670,5.63,6.397699999999999,2.41,2.41,0.0,0.7676999999999987
10683,11.76,11.76,4.27,4.0452,0.22479999999999922,0.0
10687,12.51,12.51,4.05,4.0343,0.015699999999999825,0.0
10717,7.75,6.412799999999997,1.62,1.62,0.0,1.3372000000000028
10766,3.74,3.74,1.03,1.2578000000000005,0.22780000000000045,0.0
10808,9.0,8.128000000000005,2.23,2.23,0.0,0.8719999999999946
10822,5.46,7.269700000000004,1.56,1.868800000000001,0.30880000000000085,1.8097000000000039
10822,5.46,7.269700000000004,1.56,1.868800000000001,0.30880000000000085,1.8097000000000039
10840,4.37,5.4248,1.49,1.49,0.0,1.0548000000000002
10850,6.98,6.98,1.81,2.025500000000001,0.2155000000000009,0.0
10860,7.25,8.040500000000003,2.92,2.92,0.0,0.7905000000000033
10873,2.99,4.1640000000000015,0.95,0.95,0.0,1.1740000000000013
10879,2.06,2.679399999999999,0.58,0.58,0.0,0.6193999999999988
10890,5.85,5.85,1.77,1.5184000000000004,0.2515999999999996,0.0
10891,5.15,4.611199999999998,1.15,1.15,0.0,0.5388000000000019
10952,2.17,2.1483999999999988,0.67,0.67,0.0,0.021600000000001174
10962,3.86,3.86,0.86,0.8466000000000006,0.013399999999999412,0.0
10974,4.11,4.1758999999999995,0.8,0.8,0.0,0.06589999999999918
10980,4.99,4.99,1.24,1.2440000000000002,0.004000000000000226,0.0
11043,4.84,5.971700000000002,2.17,2.17,0.0,1.1317000000000021
11046,2.72,3.318699999999998,1.3,1.3,0.0,0.5986999999999978
11076,2.94,2.94,0.93,0.9233000000000001,0.006699999999999928,0.0
11109,5.98,5.98,1.78,1.7469000000000006,0.03309999999999946,0.0
11123,4.71,5.462999999999995,2.1,2.1,0.0,0.7529999999999948
11162,5.26,5.26,0.82,0.8241999999999997,0.0041999999999997595,0.0
11172,2.4,2.4,0.66,0.5437999999999998,0.11620000000000019,0.0
11181,2.48,2.5008999999999997,0.74,0.74,0.0,0.020899999999999697
11220,3.85,2.515600000000001,1.03,1.03,0.0,1.3343999999999991
11249,3.55,3.55,1.06,1.1637999999999997,0.10379999999999967,0.0
11251,4.46,5.365400000000003,1.56,1.56,0.0,0.9054000000000029
11253,5.65,5.65,1.93,2.4349999999999996,0.5049999999999997,0.0
11276,4.02,3.4919999999999987,1.13,1.13,0.0,0.5280000000000009
11291,4.64,4.64,1.91,1.9517999999999998,0.04179999999999984,0.0
11316,4.11,4.11,1.42,1.7475999999999996,0.32759999999999967,0.0
11320,3.66,3.66,0.86,1.2051000000000003,0.3451000000000003,0.0
11328,1.98,1.98,0.76,1.0342999999999996,0.27429999999999954,0.0
11332,5.91,5.430700000000002,2.08,2.08,0.0,0.4792999999999985
11341,2.93,2.93,0.36,0.6199999999999999,0.2599999999999999,0.0
11354,3.01,3.01,0.38,0.7012999999999999,0.3212999999999999,0.0
11363,4.49,5.541400000000001,1.66,1.66,0.0,1.051400000000001
11377,1.39,1.39,0.32,0.5331000000000001,0.21310000000000012,0.0
11387,2.92,2.130100000000001,0.29,0.29,0.0,0.7898999999999989
11422,2.51,2.294200000000002,0.51,0.51,0.0,0.215799999999998
11965,1.34,3.1634999999999986,0.97,0.97,0.0,1.8234999999999986
11966,2.8,3.0676999999999994,0.88,0.88,0.0,0.2676999999999996
11969,3.69,3.69,1.26,1.3361999999999998,0.07619999999999982,0.0
12095,3.4,3.4,1.03,1.3635,0.3334999999999999,0.0
12159,1.7,1.6990000000000003,0.48,0.48,0.0,0.0009999999999996678
12204,2.17,2.17,0.38,0.6265999999999999,0.24659999999999993,0.0
12209,1.1,2.1558,0.62,0.62,0.0,1.0558
12214,1.85,1.85,0.67,0.8332999999999999,0.1632999999999999,0.0
12222,1.98,1.98,0.45,0.8704999999999999,0.42049999999999993,0.0
12287,3.64,3.2280000000000006,1.1,1.1,0.0,0.4119999999999995
12303,1.82,1.82,0.51,0.6050999999999997,0.09509999999999974,0.0
12315,1.9,1.7065999999999997,0.32,0.32,0.0,0.19340000000000024
12343,3.81,3.81,1.58,1.523,0.05700000000000016,0.0
12360,5.03,5.03,2.04,1.7964000000000004,0.2435999999999996,0.0
12366,2.99,3.9870000000000005,1.48,1.48,0.0,0.9970000000000003
16291,5.33,5.819100000000002,1.95,1.95,0.0,0.4891000000000023
16333,3.09,3.09,0.53,0.5731999999999997,0.04319999999999968,0.0
16376,4.48,4.509900000000001,1.06,1.06,0.0,0.029900000000000482
16414,2.84,2.931300000000001,0.72,0.72,0.0,0.09130000000000127
16430,2.34,2.4708000000000006,0.49,0.49,0.0,0.1308000000000007
16433,2.24,2.24,0.55,0.6617000000000004,0.11170000000000035,0.0
16441,1.81,2.0115999999999996,0.48,0.4899000000000003,0.009900000000000297,0.20159999999999956
16441,1.81,2.0115999999999996,0.48,0.4899000000000003,0.009900000000000297,0.20159999999999956
16472,3.29,3.29,0.91,0.8427000000000003,0.0672999999999997,0.0
16530,2.27,2.6086,0.56,0.56,0.0,0.3386
16540,3.98,3.98,0.68,0.8675000000000003,0.18750000000000022,0.0
16573,4.68,4.68,1.13,1.1837000000000004,0.053700000000000525,0.0
16591,5.12,4.762099999999997,1.06,1.06,0.0,0.35790000000000344
16592,5.11,5.028999999999998,1.16,1.16,0.0,0.08100000000000218
16598,8.51,8.51,1.56,2.0727,0.5127000000000002,0.0
16605,1.96,1.96,0.43,0.5271,0.09710000000000002,0.0
16633,1.66,1.6229000000000002,0.49,0.49,0.0,0.03709999999999969
16667,3.05,3.5378999999999987,1.06,1.06,0.0,0.4878999999999989
16706,2.85,2.869300000000002,0.6,0.6,0.0,0.019300000000002093
16709,2.96,2.96,0.58,0.7426999999999996,0.16269999999999962,0.0
16830,1.5,1.5,0.39,0.49960000000000016,0.10960000000000014,0.0
16833,1.52,1.52,0.53,0.6386000000000002,0.10860000000000014,0.0
16850,4.22,3.3897000000000013,0.85,0.85,0.0,0.8302999999999985
16909,2.31,2.31,0.71,0.5946000000000001,0.11539999999999984,0.0
16912,2.01,1.8779,0.5,0.5,0.0,0.13209999999999988
16982,3.31,3.4069999999999983,0.93,0.93,0.0,0.0969999999999982
16992,3.64,3.4082000000000003,0.89,0.89,0.0,0.23179999999999978
17126,4.03,5.213299999999999,1.43,1.43,0.0,1.1832999999999991
17134,7.78,7.78,2.42,2.2925000000000004,0.1274999999999995,0.0
17143,8.04,8.04,2.38,2.432200000000002,0.052200000000002245,0.0
17167,7.13,7.13,1.25,1.627200000000001,0.3772000000000011,0.0
17208,3.1,2.834900000000001,0.77,0.77,0.0,0.265099999999999
17222,6.39,6.280899999999999,1.59,1.59,0.0,0.10910000000000064
17232,6.18,6.18,1.81,1.6326000000000003,0.17739999999999978,0.0
17236,4.74,4.859700000000002,1.23,1.23,0.0,0.1197000000000017
17249,1.88,1.88,0.63,0.6093999999999998,0.020600000000000174,0.0
17299,4.24,4.393200000000003,1.13,1.13,0.0,0.15320000000000267
17322,6.93,6.552900000000003,1.82,1.82,0.0,0.3770999999999969
17377,5.41,4.9755,1.1,1.1,0.0,0.4344999999999999
17422,2.21,2.2002000000000006,0.66,0.66,0.0,0.009799999999999365
17478,5.68,5.071500000000001,1.17,1.17,0.0,0.6084999999999985
17493,10.99,10.058799999999996,1.61,1.61,0.0,0.931200000000004
17498,9.58,9.58,1.27,1.6387,0.3687,0.0
17504,10.43,10.841299999999995,1.68,1.68,0.0,0.41129999999999534
17506,10.14,10.712499999999999,1.54,1.54,0.0,0.572499999999998
17526,8.51,8.51,1.04,1.8085000000000002,0.7685000000000002,0.0
17532,6.94,5.731699999999998,1.07,1.07,0.0,1.2083000000000022
17540,3.05,2.3308,0.54,0.6084999999999998,0.06849999999999978,0.7191999999999998
17540,3.05,2.3308,0.54,0.6084999999999998,0.06849999999999978,0.7191999999999998
17544,3.23,3.23,0.93,0.7357000000000002,0.1942999999999998,0.0
17592,2.7,3.1798999999999995,0.92,0.92,0.0,0.4798999999999993
17593,2.94,3.3309000000000015,0.93,0.93,0.0,0.3909000000000016
17596,2.71,2.71,0.85,0.8705999999999997,0.02059999999999973,0.0
17602,3.95,4.315900000000002,1.23,1.23,0.0,0.36590000000000167
17606,2.63,2.9238000000000017,0.8,0.8,0.0,0.29380000000000184
17619,3.38,3.408300000000001,0.85,0.85,0.0,0.028300000000001102
17683,6.52,6.292200000000004,1.69,1.69,0.0,0.22779999999999578
17694,5.19,5.070999999999999,1.18,1.18,0.0,0.11900000000000155
17700,7.21,7.21,2.15,1.8788999999999993,0.27110000000000056,0.0
17720,8.05,7.2956,3.02,3.02,0.0,0.7544000000000004
17734,4.86,4.86,1.08,1.2477999999999994,0.16779999999999928,0.0
17749,3.07,3.07,0.78,0.8723999999999998,0.09239999999999982,0.0
17758,2.16,2.16,0.34,0.5480999999999998,0.20809999999999979,0.0
17761,1.28,1.28,0.21,0.2547999999999998,0.04479999999999981,0.0
17833,4.28,4.175999999999998,1.04,1.04,0.0,0.10400000000000187
17834,4.6,3.9098,1.08,1.08,0.0,0.6901999999999995
17868,6.23,6.23,1.53,1.6968999999999994,0.16689999999999938,0.0
17872,4.16,4.201199999999998,1.1,1.1,0.0,0.04119999999999813
17889,4.28,3.9906000000000024,2.05,2.05,0.0,0.2893999999999979
17899,8.44,8.44,2.83,2.718299999999998,0.11170000000000213,0.0
17952,8.68,8.68,2.6,2.9922999999999984,0.3922999999999983,0.0
17965,7.99,7.430000000000003,2.63,2.63,0.0,0.559999999999997
17967,5.62,5.975200000000001,1.81,1.7679999999999996,0.04200000000000048,0.35520000000000085
17967,5.62,5.975200000000001,1.81,1.7679999999999996,0.04200000000000048,0.35520000000000085
17983,3.18,3.18,1.03,1.0286,0.0014000000000000679,0.0
17986,2.6,2.6,0.79,0.7372000000000001,0.05279999999999996,0.0
18005,4.12,4.252500000000001,1.34,1.34,0.0,0.13250000000000117
18010,4.82,5.1862,1.65,1.65,0.0,0.3662000000000001
18016,9.4,9.4,3.0,3.337400000000001,0.33740000000000103,0.0
18027,5.36,5.36,1.32,1.6530999999999998,0.33309999999999973,0.0
18069,6.64,7.1782,1.64,1.64,0.0,0.5382000000000007
18098,2.16,1.9726999999999995,0.53,0.53,0.0,0.1873000000000007
18122,2.47,2.47,0.75,0.691,0.05900000000000005,0.0
18142,2.33,2.379900000000001,0.69,0.69,0.0,0.049900000000000944
18146,2.63,2.2971,0.65,0.65,0.0,0.3329
18148,2.21,2.0983000000000005,0.58,0.58,0.0,0.11169999999999947
18151,2.65,2.8354000000000004,0.76,0.76,0.0,0.18540000000000045
18232,1.92,2.2249999999999996,0.48,0.48,0.0,0.3049999999999997
18317,4.04,4.04,0.94,0.9557999999999996,0.015799999999999703,0.0
18329,3.93,3.93,1.07,1.0906999999999993,0.020699999999999275,0.0
18339,4.18,4.5468,1.06,1.06,0.0,0.36680000000000046
18344,3.77,3.77,1.05,1.0961000000000005,0.046100000000000474,0.0
18359,2.97,2.7942,0.74,0.74,0.0,0.17580000000000018
18370,6.08,5.609100000000001,1.5,1.5,0.0,0.47089999999999943
18419,3.78,3.78,1.15,0.9010000000000001,0.24899999999999978,0.0
18420,3.14,3.14,0.88,0.7846000000000005,0.09539999999999949,0.0
18429,3.7,3.7,1.0,0.9321,0.06789999999999996,0.0
18443,4.43,4.417400000000001,1.44,1.44,0.0,0.012599999999999056
18461,3.54,3.713800000000001,1.04,0.9497,0.09030000000000005,0.17380000000000084
18461,3.54,3.713800000000001,1.04,0.9497,0.09030000000000005,0.17380000000000084
18468,5.13,5.13,1.42,1.3676999999999995,0.05230000000000046,0.0
18476,5.89,5.89,1.64,1.651200000000001,0.011200000000000987,0.0
18486,6.27,6.27,1.67,1.720299999999999,0.05029999999999912,0.0
18504,5.27,5.27,1.18,1.4290000000000007,0.24900000000000078,0.0
18506,5.28,5.28,1.22,1.3607000000000005,0.1407000000000005,0.0
18508,5.22,5.22,1.25,1.385400000000001,0.13540000000000108,0.0
18523,1.51,1.51,0.48,0.3413999999999999,0.13860000000000006,0.0
18561,2.26,2.26,0.63,0.6951000000000004,0.06510000000000038,0.0
18772,4.02,4.02,0.92,0.9444999999999999,0.024499999999999855,0.0
18774,4.16,4.16,0.89,1.0087000000000002,0.11870000000000014,0.0
18790,3.1,3.1,0.7,0.8067,0.10670000000000002,0.0
18797,3.08,3.08,1.05,0.9769000000000001,0.07309999999999994,0.0
18807,4.02,4.02,0.98,1.1384999999999998,0.15849999999999986,0.0
18843,6.22,5.971500000000003,1.92,1.92,0.0,0.2484999999999964
18857,6.16,5.463700000000001,1.26,1.26,0.0,0.696299999999999
18861,5.45,5.45,1.11,1.2293000000000005,0.1193000000000004,0.0
18931,9.18,9.18,3.32,3.317999999999999,0.002000000000000668,0.0
18933,8.07,8.721099999999998,3.76,3.76,0.0,0.6510999999999978
18940,7.09,7.274600000000001,2.66,2.66,0.0,0.18460000000000143
18947,4.66,5.210100000000001,1.66,1.66,0.0,0.5501000000000005
18991,4.07,3.9288000000000007,1.11,1.11,0.0,0.14119999999999955
18998,4.48,4.066400000000001,1.07,1.07,0.0,0.41359999999999975
19004,4.71,4.71,1.36,1.3671000000000004,0.007100000000000328,0.0
19007,4.11,4.0333,1.33,1.33,0.0,0.07670000000000066
19030,2.14,1.9869000000000006,0.42,0.42,0.0,0.15309999999999957
19082,1.52,1.6721000000000001,0.51,0.51,0.0,0.15210000000000012
19110,1.29,1.29,0.46,0.43979999999999975,0.020200000000000273,0.0
19177,5.18,4.439299999999999,1.26,1.26,0.0,0.7407000000000004
19211,5.35,4.6813,1.3,1.3,0.0,0.6686999999999994
19217,3.39,3.3207000000000018,0.72,0.8838000000000001,0.16380000000000017,0.06929999999999836
19217,3.39,3.3207000000000018,0.72,0.8838000000000001,0.16380000000000017,0.06929999999999836
19231,4.1,4.1,1.46,1.5531000000000006,0.09310000000000063,0.0
19232,3.82,3.82,1.38,1.4158000000000002,0.035800000000000276,0.0
19265,1.61,1.61,0.7,0.6958999999999996,0.004100000000000326,0.0
19322,0.0,0.10529999999999999,0.05,0.05,0.0,0.10529999999999999
19328,0.06,0.06,0.31,0.2116,0.09839999999999999,0.0
19404,1.47,1.6170000000000007,0.33,0.33,0.0,0.14700000000000069
19429,0.46,0.5687999999999999,0.18,0.18,0.0,0.10879999999999984
19437,0.25,0.3385000000000001,0.17,0.17,0.0,0.08850000000000008
19471,2.75,3.2363999999999997,1.16,1.16,0.0,0.4863999999999997
19478,5.27,5.27,1.24,1.3792,0.1392,0.0
19506,6.8,7.277900000000003,2.19,2.19,0.0,0.47790000000000354
19518,8.68,8.68,2.31,2.6792000000000007,0.36920000000000064,0.0
19537,7.95,7.898299999999997,2.36,2.36,0.0,0.051700000000002966
19623,1.33,1.7490000000000003,0.4,0.4,0.0,0.41900000000000026
19913,3.53,4.677599999999999,1.12,1.12,0.0,1.1475999999999993
19937,0.78,0.78,0.38,0.47759999999999997,0.09759999999999996,0.0
19950,2.56,3.450699999999999,1.05,1.05,0.0,0.8906999999999989
20034,1.89,1.89,0.34,0.22719999999999996,0.11280000000000007,0.0
20040,1.88,1.88,0.48,0.5135000000000002,0.033500000000000196,0.0
20193,3.96,5.314300000000006,1.94,1.94,0.0,1.3543000000000056
20201,0.96,0.96,0.4,0.41999999999999993,0.019999999999999907,0.0
20367,3.47,4.1417,1.21,1.21,0.0,0.6717
20374,4.14,4.024400000000001,1.23,1.23,0.0,0.11559999999999881
20382,3.56,3.6717000000000013,1.12,1.12,0.0,0.11170000000000124
20429,3.52,3.52,0.88,1.0423000000000007,0.16230000000000067,0.0
20434,3.72,3.72,1.02,1.1356000000000002,0.11560000000000015,0.0
20437,5.21,5.21,1.13,1.3504000000000003,0.22040000000000037,0.0
20467,2.11,2.11,0.54,0.4650000000000001,0.07499999999999996,0.0
20474,0.0,0.011600000000000001,0.12,0.12,0.0,0.011600000000000001
20481,3.88,3.0106999999999995,0.79,0.79,0.0,0.8693000000000004
20482,3.38,3.38,0.45,0.49540000000000006,0.04540000000000005,0.0
20496,4.83,4.83,1.0,1.0447000000000002,0.044700000000000184,0.0
20498,4.03,3.5915000000000004,0.87,0.87,0.0,0.4384999999999999
20532,2.73,2.6889999999999983,0.81,0.81,0.0,0.0410000000000017
20539,2.33,2.33,0.73,0.7154999999999998,0.01450000000000018,0.0
20552,0.21,0.21,0.29,0.2745,0.015499999999999958,0.0
20704,0.52,0.6074999999999995,0.79,0.79,0.0,0.08749999999999947
20871,0.51,0.51,0.01,0.14639999999999995,0.13639999999999994,0.0
20894,0.98,0.8772999999999997,0.13,0.13,0.0,0.10270000000000024
20899,0.51,0.51,0.08,0.07890000000000005,0.0010999999999999482,0.0
20909,1.08,0.8475,0.13,0.13,0.0,0.23250000000000004
20946,4.65,5.799700000000001,1.35,1.35,0.0,1.149700000000001
20949,3.87,3.87,0.84,0.8185999999999997,0.021400000000000308,0.0
20979,1.83,3.0192000000000005,0.58,1.0340999999999996,0.4540999999999996,1.1892000000000005
20979,1.83,3.0192000000000005,0.58,1.0340999999999996,0.4540999999999996,1.1892000000000005
21013,2.74,2.74,0.55,0.7845000000000002,0.23450000000000015,0.0
21019,3.96,3.96,1.06,1.157599999999999,0.09759999999999902,0.0
21021,4.26,3.9794999999999994,1.04,1.04,0.0,0.2805000000000004
21035,5.51,5.823999999999997,1.4,1.4,0.0,0.3139999999999974
21045,5.74,5.214500000000004,1.32,1.32,0.0,0.5254999999999965
21049,6.8,6.8,2.15,2.1271,0.02289999999999992,0.0
21054,3.59,3.8556999999999992,1.14,1.14,0.0,0.2656999999999994
21090,1.76,2.1008999999999998,0.38,0.38,0.0,0.34089999999999976
21095,3.01,3.01,0.67,0.8644000000000003,0.19440000000000024,0.0
21149,1.67,2.0746999999999987,0.81,0.81,0.0,0.4046999999999987
21217,3.78,2.5941,0.87,0.87,0.0,1.1858999999999997
21240,4.94,4.94,0.67,0.7303000000000001,0.06030000000000002,0.0
21257,1.07,1.4287,0.29,0.29,0.0,0.3587
21259,1.27,1.27,0.5,0.8414999999999999,0.3414999999999999,0.0
21274,2.89,2.89,0.74,0.9160000000000005,0.1760000000000005,0.0
21311,2.15,2.15,0.87,0.5972999999999999,0.27270000000000005,0.0
21353,2.62,2.62,0.76,0.7851999999999997,0.025199999999999667,0.0
21374,3.34,3.34,0.76,0.8257999999999995,0.06579999999999953,0.0
21403,0.8,0.8,0.21,0.30640000000000006,0.09640000000000007,0.0
21450,1.16,1.8696999999999997,0.57,0.57,0.0,0.7096999999999998
21478,2.19,2.1099000000000006,0.84,0.84,0.0,0.0800999999999994
21483,4.3,4.3,0.93,1.0685000000000004,0.1385000000000004,0.0
21501,2.88,1.8993999999999989,0.35,0.35,0.0,0.980600000000001
21522,0.73,0.56,0.12,0.12,0.0,0.16999999999999993
21532,0.51,0.5547999999999997,0.11,0.11,0.0,0.04479999999999973
21541,2.96,2.96,0.37,0.5194999999999999,0.14949999999999986,0.0
21542,3.39,2.375500000000001,0.36,0.36,0.0,1.014499999999999
21552,4.08,3.7889999999999997,0.71,0.71,0.0,0.29100000000000037
21570,5.25,5.25,0.84,0.9098999999999994,0.06989999999999941,0.0
21646,0.86,0.86,0.61,0.5653999999999998,0.044600000000000195,0.0
21697,2.84,1.7181,0.31,0.31,0.0,1.1219
21704,3.93,3.0769,1.1,1.1,0.0,0.8531
21713,3.73,3.73,0.82,1.0500000000000005,0.23000000000000054,0.0
21735,5.64,5.64,1.34,1.9083,0.5683,0.0
21826,1.74,1.74,1.06,0.6650999999999999,0.39490000000000014,0.0
22143,1.84,1.84,0.3,0.5663999999999998,0.2663999999999998,0.0
22171,0.7,0.7,0.71,0.5622999999999999,0.14770000000000005,0.0
22188,0.92,0.92,0.64,0.5714999999999999,0.06850000000000012,0.0
22199,2.36,2.36,1.11,0.7413000000000003,0.3686999999999998,0.0
22224,1.78,1.78,0.73,0.4538999999999999,0.27610000000000007,0.0
22331,2.33,2.33,0.92,0.5888000000000001,0.33119999999999994,0.0
22359,7.49,5.044799999999998,0.96,0.96,0.0,2.4452000000000025
22402,3.59,3.528500000000002,0.56,0.56,0.0,0.06149999999999789
22408,5.5,4.7067,0.44,0.44,0.0,0.7933000000000003
22543,2.58,2.58,1.14,0.9246000000000002,0.2153999999999997,0.0
22550,3.78,2.2540999999999993,0.87,0.87,0.0,1.5259000000000005
22598,1.3,1.3,0.0,0.0908,0.0908,0.0
22634,4.17,4.17,0.4,0.5250999999999998,0.12509999999999977,0.0
22796,1.05,1.05,0.64,0.5724,0.0676,0.0
22849,2.17,1.877299999999999,0.84,0.84,0.0,0.29270000000000085
22856,2.43,3.3607999999999993,1.6,1.6,0.0,0.9307999999999992
22882,1.25,1.25,0.26,0.28090000000000015,0.02090000000000014,0.0
22908,1.93,1.237500000000001,0.18,0.18,0.0,0.692499999999999
23004,0.29,0.29,0.07,0.14230000000000004,0.07230000000000003,0.0
23019,0.52,0.5483,0.07,0.07,0.0,0.028299999999999992
23020,0.54,0.54,0.06,0.08309999999999997,0.023099999999999968,0.0
23049,0.26,0.6752000000000001,0.26,0.41480000000000006,0.15480000000000005,0.4152000000000001
23049,0.26,0.6752000000000001,0.26,0.41480000000000006,0.15480000000000005,0.4152000000000001
23057,1.62,1.7675,0.34,0.34,0.0,0.14749999999999996
23071,2.04,2.04,0.59,0.48739999999999983,0.10260000000000014,0.0
23146,2.22,2.22,0.88,0.6054000000000002,0.27459999999999984,0.0
23223,0.82,1.2858999999999994,0.45,0.45,0.0,0.4658999999999994
23225,0.94,1.5232999999999992,0.5,0.5,0.0,0.5832999999999993
23232,0.42,0.6814,0.31,0.31,0.0,0.2614
23365,3.38,2.0513,0.32,0.32,0.0,1.3287
23373,2.22,2.1580999999999984,0.58,0.58,0.0,0.06190000000000184
23385,0.83,0.83,0.22,0.30110000000000003,0.08110000000000003,0.0
23386,1.0,1.6349000000000005,0.21,0.21,0.0,0.6349000000000005
23421,1.28,1.28,0.27,0.33940000000000003,0.06940000000000002,0.0
23423,1.11,0.8971000000000002,0.26,0.26,0.0,0.21289999999999987
23441,0.31,0.31,0.39,0.3258999999999999,0.0641000000000001,0.0
23465,0.82,0.82,0.36,0.2841,0.07589999999999997,0.0
23467,0.5,0.5,0.17,0.20629999999999998,0.03629999999999997,0.0
23511,2.51,2.51,0.95,0.7885,0.16149999999999998,0.0
23534,0.89,1.3480999999999994,0.25,0.34459999999999996,0.09459999999999996,0.4580999999999994
23534,0.89,1.3480999999999994,0.25,0.34459999999999996,0.09459999999999996,0.4580999999999994
23544,1.2,1.2,0.31,0.301,0.009000000000000008,0.0
23573,1.49,1.6958000000000006,0.39,0.39,0.0,0.20580000000000065
23601,0.37,0.637,0.27,0.27,0.0,0.267
23604,0.57,0.57,0.19,0.21120000000000008,0.02120000000000008,0.0
23611,0.37,0.37,0.19,0.25190000000000007,0.061900000000000066,0.0
23648,0.34,0.44039999999999985,0.43,0.43,0.0,0.10039999999999982
23682,0.94,1.5056,0.8,0.8,0.0,0.5656000000000001
23685,1.54,1.4765000000000004,0.69,0.69,0.0,0.06349999999999967
23694,1.27,1.8169,1.09,1.09,0.0,0.5468999999999999
23697,1.38,1.38,0.71,0.44649999999999984,0.2635000000000001,0.0
23703,0.74,0.74,0.48,0.3113,0.16869999999999996,0.0
23727,0.97,1.6124999999999992,0.92,0.92,0.0,0.6424999999999992
23744,3.25,3.25,1.31,1.1444999999999999,0.1655000000000002,0.0
23925,1.19,1.19,0.39,0.3114000000000002,0.07859999999999984,0.0
23942,0.98,0.98,0.15,0.21100000000000022,0.06100000000000022,0.0
23954,1.26,1.4144999999999999,0.38,0.38,0.0,0.15449999999999986
24054,0.34,0.5383999999999998,0.1,0.1,0.0,0.19839999999999974
24107,0.68,0.68,0.32,0.2890999999999999,0.030900000000000094,0.0
24152,2.7,3.1319999999999992,0.92,0.92,0.0,0.43199999999999905
24169,2.24,2.24,0.54,0.5781000000000001,0.03810000000000002,0.0
24183,1.07,1.07,0.23,0.25760000000000005,0.02760000000000004,0.0
24218,0.02,0.05829999999999996,0.03,0.03,0.0,0.03829999999999996
24224,0.03,0.03,0.04,0.058799999999999984,0.018799999999999983,0.0
24237,0.92,0.92,0.42,0.48430000000000023,0.06430000000000025,0.0
24259,1.56,1.7969,0.33,0.33,0.0,0.2368999999999999
24262,1.27,1.4823000000000004,0.25,0.25,0.0,0.21230000000000038
24269,0.86,0.86,0.72,0.23700000000000013,0.4829999999999999,0.0
24290,1.18,1.18,0.24,0.36169999999999985,0.12169999999999986,0.0
24302,1.77,1.77,0.56,0.5996000000000002,0.03960000000000019,0.0
24378,2.61,2.1902999999999997,0.45,0.45,0.0,0.4197000000000002
24417,5.79,4.912700000000002,1.43,1.43,0.0,0.8772999999999982
24435,2.79,2.79,0.73,0.7285999999999998,0.0014000000000001789,0.0
24459,3.35,3.354199999999999,0.88,0.88,0.0,0.004199999999999093
24467,3.49,3.49,1.49,1.0443,0.4457,0.0
24472,3.04,3.04,0.88,0.8841999999999994,0.004199999999999426,0.0
24501,1.68,1.6621999999999997,0.5,0.5,0.0,0.01780000000000026
24502,1.63,1.63,0.4,0.5083000000000001,0.10830000000000006,0.0
24671,1.81,1.6964000000000008,0.35,0.35,0.0,0.11359999999999926
24727,0.99,0.99,0.22,0.2526,0.03259999999999999,0.0
24736,0.7,0.7,0.1,0.18359999999999996,0.08359999999999995,0.0
24752,0.9,0.9,0.22,0.35259999999999997,0.13259999999999997,0.0
24772,0.93,0.93,0.2,0.2576999999999999,0.05769999999999986,0.0
24789,1.61,1.9062999999999999,0.42,0.42,0.0,0.2962999999999998
24817,1.85,1.6326999999999998,0.36,0.36,0.0,0.21730000000000027
24839,3.05,3.05,0.8,0.7744000000000001,0.025599999999999956,0.0
24852,3.54,3.54,0.87,0.9919999999999999,0.12199999999999989,0.0
24880,3.92,3.92,1.15,1.2098999999999995,0.05989999999999962,0.0
24886,6.96,5.7381,1.59,1.59,0.0,1.2218999999999998
24889,5.18,5.18,1.19,1.3468999999999993,0.15689999999999937,0.0
24898,7.02,7.02,2.19,2.2570999999999994,0.0670999999999995,0.0
24911,6.46,6.46,1.58,1.718600000000001,0.13860000000000094,0.0
24962,6.38,6.38,1.96,1.9941,0.03410000000000002,0.0
24975,11.71,11.71,3.83,3.8824999999999985,0.05249999999999844,0.0
24990,4.59,5.1293999999999995,1.43,1.43,0.0,0.5393999999999997
25027,1.07,1.07,0.37,0.42819999999999986,0.05819999999999986,0.0
25033,0.61,0.7308999999999999,0.18,0.18,0.0,0.1208999999999999
25233,3.84,3.3638000000000012,1.12,1.12,0.0,0.4761999999999986
25268,4.42,4.9511,1.25,1.25,0.0,0.5311000000000003
25277,4.5,4.5,1.31,1.3278000000000008,0.017800000000000704,0.0
25350,1.75,2.188800000000001,0.61,0.61,0.0,0.43880000000000097
25362,2.73,2.73,0.52,0.6,0.07999999999999996,0.0
25383,2.02,2.0072,0.53,0.53,0.0,0.012799999999999923
25393,2.25,2.1223,0.58,0.58,0.0,0.12769999999999992
25405,1.38,1.38,0.31,0.31499999999999995,0.004999999999999949,0.0
25406,1.59,1.59,0.6,0.4169,0.18309999999999998,0.0
25411,2.38,2.6324999999999994,0.74,0.74,0.0,0.2524999999999995
25434,3.71,4.0057,1.14,1.14,0.0,0.2957000000000001
25447,3.24,4.0386999999999995,1.18,1.18,0.0,0.7986999999999993
25465,5.56,5.56,1.86,1.6935999999999998,0.16640000000000033,0.0
25475,5.1,5.6145999999999985,1.54,1.54,0.0,0.5145999999999988
25578,4.52,3.9709000000000008,1.33,1.33,0.0,0.5490999999999988
25589,2.71,2.7579999999999996,0.58,0.58,0.0,0.0479999999999996
25597,2.67,2.67,0.89,0.7247,0.1653,0.0
25600,3.16,3.16,0.68,0.8760000000000002,0.19600000000000017,0.0
25615,2.35,2.35,1.11,0.7433,0.36670000000000014,0.0
25656,1.94,1.8089999999999997,0.52,0.52,0.0,0.13100000000000023
25662,1.39,1.39,0.32,0.34689999999999976,0.026899999999999757,0.0
25671,3.24,3.012,0.81,0.81,0.0,0.2280000000000002
25678,4.67,4.67,0.92,1.0827999999999995,0.1627999999999995,0.0
25697,3.46,3.46,0.89,0.9384000000000003,0.04840000000000033,0.0
25756,1.59,1.6158999999999997,0.26,0.26,0.0,0.02589999999999959
25761,1.95,2.1329000000000007,0.36,0.36,0.0,0.18290000000000073
25786,4.2,4.2,0.89,1.2249000000000008,0.33490000000000075,0.0
25817,3.18,3.18,1.11,1.038899999999999,0.07110000000000105,0.0
25866,2.15,2.15,0.55,0.5146000000000001,0.03539999999999999,0.0
25876,2.2,2.3156999999999996,0.59,0.59,0.0,0.11569999999999947
25960,4.33,4.33,1.38,1.4937,0.11370000000000013,0.0
25973,3.26,3.442200000000002,0.9,0.9,0.0,0.18220000000000214
26002,5.82,5.82,1.73,1.6528999999999998,0.07710000000000017,0.0
26236,2.03,1.8833999999999995,0.41,0.41,0.0,0.14660000000000029
26237,1.87,1.9120999999999995,0.4,0.4,0.0,0.04209999999999936
26254,3.35,3.35,0.89,0.8356000000000001,0.05439999999999989,0.0
26260,2.91,3.1856000000000004,0.73,0.73,0.0,0.2756000000000003
26272,4.19,4.19,0.88,0.9994000000000003,0.11940000000000028,0.0
26283,4.19,4.19,0.78,0.9079000000000002,0.12790000000000012,0.0
26298,5.49,4.6699,1.45,1.45,0.0,0.8201
26300,5.24,4.5736,1.66,1.66,0.0,0.6664000000000003
26338,4.14,4.14,1.06,0.9978000000000005,0.06219999999999959,0.0
26353,4.77,4.77,1.18,1.0575999999999994,0.12240000000000051,0.0
26363,4.33,4.3011,1.14,1.14,0.0,0.028900000000000148
26399,6.46,6.154899999999995,1.95,1.95,0.0,0.3051000000000048
26401,10.32,10.32,2.84,2.7178000000000013,0.12219999999999853,0.0
26406,7.96,8.578899999999999,2.28,2.28,0.0,0.6188999999999991
26412,4.99,5.349300000000002,1.37,1.37,0.0,0.35930000000000195
26500,2.23,2.23,0.54,0.5484,0.008399999999999963,0.0
26516,6.38,6.115499999999998,1.73,1.73,0.0,0.26450000000000173
26524,6.74,6.74,1.32,1.407700000000001,0.087700000000001,0.0
26525,7.97,5.6113,1.38,1.38,0.0,2.3587
26543,7.48,6.0402,1.84,1.84,0.0,1.4398000000000009
26547,7.8,6.933000000000003,1.7,1.7,0.0,0.8669999999999964
26550,6.97,6.97,1.83,2.0460999999999996,0.21609999999999951,0.0
26554,6.7,6.5785,1.91,1.91,0.0,0.12150000000000016
26561,7.3,7.3,2.26,2.0707000000000004,0.18929999999999936,0.0
26563,10.72,9.2761,3.22,3.22,0.0,1.443900000000001
26569,7.7,7.7,2.04,2.031400000000001,0.008599999999999053,0.0
26589,10.7,8.6367,2.78,2.5087,0.27129999999999965,2.0633
26589,10.7,8.6367,2.78,2.5087,0.27129999999999965,2.0633
26598,9.78,9.436399999999997,2.57,2.57,0.0,0.3436000000000021
26654,8.51,8.51,2.05,2.0953,0.04530000000000012,0.0
26678,2.57,2.57,0.47,0.48989999999999995,0.019899999999999973,0.0
26713,3.9,3.9,0.98,0.8607999999999997,0.1192000000000003,0.0
26725,5.16,5.16,1.7,1.4775999999999994,0.2224000000000006,0.0
26733,8.09,8.09,2.63,2.5475000000000003,0.08249999999999957,0.0
26740,8.09,8.09,2.36,2.5349000000000004,0.1749000000000005,0.0
26760,8.22,8.22,2.39,2.3747000000000016,0.015299999999998537,0.0
26767,7.2,7.2,1.96,1.8348000000000004,0.12519999999999953,0.0
26849,2.59,2.59,0.43,0.5470999999999999,0.11709999999999993,0.0
26854,5.54,4.784799999999998,1.36,1.36,0.0,0.7552000000000021
26885,4.21,3.2834000000000017,1.07,1.07,0.0,0.9265999999999983
26886,4.11,3.1601000000000004,1.1,1.1,0.0,0.9499
26893,4.95,6.1251,1.6,1.6,0.0,1.1750999999999996
26918,4.97,4.921599999999999,1.06,1.06,0.0,0.04840000000000089
26941,4.81,4.81,0.96,1.2816999999999996,0.32169999999999965,0.0
26945,3.15,2.5778000000000016,0.48,0.48,0.0,0.5721999999999983
26987,4.27,4.27,1.56,1.5325,0.02750000000000008,0.0
26997,4.13,4.0218,0.98,0.98,0.0,0.10820000000000007
26999,4.44,4.44,1.19,1.2013999999999998,0.011399999999999855,0.0
27002,4.78,4.78,1.27,1.244,0.026000000000000023,0.0
27004,4.46,4.6533,1.6,1.6,0.0,0.1932999999999998
27050,2.51,2.51,0.53,0.5758000000000002,0.045800000000000174,0.0
27071,3.8,3.8,0.95,1.0325999999999995,0.08259999999999956,0.0
27075,2.98,2.207699999999999,0.53,0.53,0.0,0.7723000000000009
27080,3.25,3.25,0.99,0.8645999999999998,0.12540000000000018,0.0
27107,2.17,2.7482999999999986,0.65,0.65,0.0,0.5782999999999987
27143,3.41,3.3373000000000013,0.8,0.8,0.0,0.07269999999999888
27156,2.87,3.2279,0.87,0.87,0.0,0.3578999999999999
27161,3.78,4.8983,1.28,1.28,0.0,1.1183
27169,5.59,5.296999999999996,1.45,1.45,0.0,0.2930000000000037
27234,4.43,4.0571,1.09,1.09,0.0,0.37289999999999957
27239,5.96,5.96,1.41,1.3242999999999998,0.08570000000000011,0.0
27250,3.45,3.45,0.84,0.8519000000000002,0.011900000000000244,0.0
27275,6.12,5.399699999999999,1.26,1.362,0.10200000000000009,0.7203000000000008
27275,6.12,5.399699999999999,1.26,1.362,0.10200000000000009,0.7203000000000008
27285,6.91,5.573199999999997,1.15,1.15,0.0,1.3368000000000029
27288,8.06,6.952300000000004,1.24,1.24,0.0,1.1076999999999968
27292,7.12,7.12,1.12,1.5172000000000005,0.39720000000000044,0.0
27311,5.48,5.48,1.32,1.2473000000000005,0.07269999999999954,0.0
27324,7.04,7.328600000000005,1.99,1.99,0.0,0.2886000000000051
27346,4.91,5.0298,1.44,1.44,0.0,0.11979999999999968
27350,3.2,3.0187,0.63,0.63,0.0,0.18130000000000024
27395,3.31,3.31,0.95,0.8691000000000001,0.08089999999999986,0.0
27421,6.98,6.98,1.5,1.5515000000000003,0.05150000000000032,0.0
27434,5.71,5.71,1.21,1.3618000000000003,0.15180000000000038,0.0
27456,3.66,2.9130000000000003,0.83,0.83,0.0,0.7469999999999999
27464,3.18,2.9646999999999997,1.17,1.17,0.0,0.2153000000000005
27516,6.38,6.38,1.37,1.5659999999999998,0.19599999999999973,0.0
27574,8.42,8.42,2.0,1.7589000000000004,0.24109999999999965,0.0
27621,8.04,8.04,1.99,2.2931999999999984,0.30319999999999836,0.0
27629,6.76,6.76,1.51,1.6261999999999994,0.11619999999999941,0.0
27630,6.96,6.96,1.75,1.7184,0.03160000000000007,0.0
27700,6.48,6.48,1.26,1.4044000000000003,0.1444000000000003,0.0
27729,10.5,9.359999999999996,2.85,2.85,0.0,1.1400000000000041
27772,9.9,9.332400000000002,1.76,1.76,0.0,0.5675999999999988
27808,8.07,8.07,2.11,2.7623999999999995,0.6523999999999996,0.0
27841,7.68,7.68,2.09,2.3884999999999996,0.29849999999999977,0.0
27889,6.6,5.6560000000000015,1.4,1.4,0.0,0.9439999999999982
27904,4.07,4.07,0.73,1.0408,0.31079999999999997,0.0
27914,3.96,3.5128999999999992,0.8,0.8,0.0,0.4471000000000007
27926,5.56,5.047299999999999,1.52,1.4724000000000004,0.04759999999999964,0.5127000000000006
27926,5.56,5.047299999999999,1.52,1.4724000000000004,0.04759999999999964,0.5127000000000006
27931,6.28,6.28,1.43,1.6032000000000002,0.17320000000000024,0.0
27937,4.41,3.8600000000000017,0.98,0.98,0.0,0.5499999999999985
27944,4.63,4.63,1.14,1.1686999999999999,0.028699999999999948,0.0
27950,3.91,3.7595000000000027,0.89,0.89,0.0,0.1504999999999974
27956,6.99,6.99,1.34,1.2916000000000003,0.04839999999999978,0.0
27993,6.33,6.33,2.2,2.1638000000000006,0.036199999999999566,0.0
28046,2.12,2.1357999999999997,0.52,0.52,0.0,0.015799999999999592
28089,4.15,4.15,1.13,1.0787000000000007,0.051299999999999235,0.0
28092,3.9,3.9,1.02,1.131,0.11099999999999999,0.0
28111,2.29,2.052900000000001,0.61,0.61,0.0,0.23709999999999898
28154,2.48,2.48,0.7,0.7497000000000001,0.04970000000000019,0.0
28165,6.03,6.2094000000000005,1.81,1.81,0.0,0.17940000000000023
28169,6.58,6.58,2.15,1.8180999999999998,0.3319000000000001,0.0
28268,2.06,2.0168999999999997,0.41,0.41,0.0,0.04310000000000036
28294,1.37,1.37,0.44,0.4648999999999999,0.024899999999999922,0.0
28297,1.15,1.15,0.43,0.3584000000000001,0.07159999999999989,0.0
28329,4.2,4.2,1.28,1.4421000000000004,0.16210000000000035,0.0
28346,5.08,5.3961999999999986,1.42,1.42,0.0,0.3161999999999985
28399,2.85,2.8769,0.95,0.95,0.0,0.026899999999999924
28405,2.56,2.2360999999999995,0.51,0.51,0.0,0.3239000000000005
28420,2.48,2.48,0.4,0.6197999999999998,0.21979999999999977,0.0
28437,5.94,5.4635999999999925,0.57,0.57,0.0,0.47640000000000793
28474,2.1,2.1,0.41,0.5086000000000002,0.09860000000000019,0.0
28513,2.72,2.72,0.74,0.6872,0.05279999999999996,0.0
28538,3.09,3.09,0.39,0.5366000000000004,0.1466000000000004,0.0
28559,1.49,1.6061,0.61,0.61,0.0,0.11610000000000009
28585,1.73,1.73,0.47,0.4430999999999997,0.026900000000000257,0.0
28594,4.26,4.26,1.33,1.7778999999999998,0.44789999999999974,0.0
28653,2.33,2.33,0.36,0.6197999999999999,0.2597999999999999,0.0
28721,2.74,2.999300000000001,0.72,0.72,0.0,0.259300000000001
28732,6.54,4.5166999999999975,1.15,1.15,0.0,2.0233000000000025
28753,5.55,4.837499999999999,1.33,1.33,0.0,0.7125000000000012
28762,3.71,3.71,1.24,1.2557,0.015700000000000047,0.0
28787,3.4,3.4,1.1,0.9459000000000001,0.15410000000000001,0.0
28810,2.4,2.565399999999999,0.85,0.85,0.0,0.1653999999999991
28817,2.13,2.13,0.74,0.5256000000000003,0.2143999999999997,0.0
28845,2.67,2.67,0.86,0.6873000000000001,0.17269999999999985,0.0
28893,1.73,1.73,0.83,0.7072999999999999,0.12270000000000003,0.0
28897,2.32,2.32,0.79,0.6949999999999992,0.09500000000000086,0.0
28943,3.11,3.11,1.03,0.9197,0.11030000000000006,0.0
28962,2.68,2.6975000000000007,0.89,0.89,0.0,0.017500000000000515
28968,3.05,3.1889999999999996,0.97,0.97,0.0,0.1389999999999998
28971,3.05,3.2798000000000007,1.0,1.0,0.0,0.2298000000000009
29008,5.5,5.365799999999999,1.41,1.41,0.0,0.13420000000000076
29010,5.14,5.14,1.54,1.3584999999999994,0.18150000000000066,0.0
29040,3.67,3.67,1.28,1.1900999999999993,0.08990000000000076,0.0
29051,1.75,1.8774000000000004,0.34,0.34,0.0,0.1274000000000004
29087,0.62,0.62,0.21,0.22960000000000005,0.019600000000000062,0.0
29099,1.66,1.66,0.42,0.43430000000000013,0.014300000000000146,0.0
29104,2.31,2.31,0.51,0.4681000000000003,0.041899999999999715,0.0
29130,1.4,1.3896999999999997,0.24,0.24,0.0,0.010300000000000198
29147,2.0,2.0,0.52,0.5449000000000002,0.024900000000000144,0.0
29154,2.13,2.13,0.53,0.6067999999999999,0.07679999999999987,0.0
29190,1.99,1.99,0.78,0.5605,0.21950000000000003,0.0
29229,2.88,2.0968,0.65,0.65,0.0,0.7831999999999999
29246,6.26,4.9147000000000025,1.29,1.29,0.0,1.3452999999999973
29272,5.92,5.92,1.61,1.5814999999999995,0.028500000000000636,0.0
29324,2.56,2.56,0.47,0.7220000000000002,0.2520000000000002,0.0
29373,4.4,4.4,1.18,1.4376000000000002,0.2576000000000003,0.0
29380,4.05,3.9652999999999987,1.03,1.03,0.0,0.08470000000000111
29389,2.21,2.1005000000000003,0.66,0.66,0.0,0.10949999999999971
29391,2.22,2.2107999999999985,0.48,0.48,0.0,0.009200000000001651
29445,4.55,3.7309,1.14,1.14,0.0,0.8190999999999997
29474,6.6,6.6,1.02,1.5005000000000002,0.48050000000000015,0.0
29478,5.02,4.415200000000001,1.15,1.15,0.0,0.6047999999999982
29500,2.04,1.6150000000000007,0.46,0.46,0.0,0.4249999999999994
29550,6.33,6.33,2.28,1.9657999999999993,0.3142000000000005,0.0
29557,8.93,8.93,1.88,1.8796000000000006,0.0003999999999992898,0.0
29558,4.86,4.86,1.09,1.1935999999999996,0.10359999999999947,0.0
29584,5.56,4.057399999999999,0.91,0.91,0.0,1.502600000000001
29599,2.99,2.2758000000000003,0.62,0.62,0.0,0.7142
29623,1.12,0.9185000000000003,0.15,0.15,0.0,0.2014999999999998
29640,3.09,3.09,0.43,0.4261000000000001,0.0038999999999999035,0.0
29725,7.51,7.51,3.65,2.0776999999999997,1.5723000000000003,0.0
29762,12.36,10.626300000000004,2.95,2.95,0.0,1.7336999999999954
29765,9.19,9.19,2.6,2.5981999999999976,0.0018000000000024663,0.0
29781,2.38,2.38,0.45,0.7051999999999997,0.2551999999999997,0.0
29908,2.53,1.3195999999999994,0.19,0.19,0.0,1.2104000000000004
29975,3.06,2.7137000000000024,0.8,0.8,0.0,0.3462999999999976
29978,2.91,2.91,0.66,0.7330999999999998,0.07309999999999972,0.0
30025,0.6,0.9778999999999999,0.43,0.43,0.0,0.3778999999999999
30050,1.78,1.3412000000000004,0.51,0.51,0.0,0.43879999999999963
30123,3.96,3.5572000000000004,0.89,0.89,0.0,0.4027999999999996
30125,4.28,3.6240000000000028,0.88,0.88,0.0,0.6559999999999975
30128,4.5,3.576099999999999,1.0,1.0,0.0,0.923900000000001
30152,0.56,0.56,0.25,0.14489999999999997,0.10510000000000003,0.0
30248,3.86,2.8785,0.69,0.69,0.0,0.9815
30249,3.7,3.7,0.56,0.7530999999999995,0.1930999999999995,0.0
30383,1.1,1.1,0.55,0.6251000000000003,0.07510000000000028,0.0
30386,0.81,0.81,0.53,0.5364,0.006399999999999961,0.0
30395,1.32,1.32,0.71,0.7072999999999997,0.0027000000000002577,0.0
30406,1.22,1.22,0.8,0.7155000000000002,0.0844999999999998,0.0
30456,1.05,1.05,0.14,0.1887000000000001,0.04870000000000008,0.0
30476,1.75,1.902000000000001,0.26,0.26,0.0,0.15200000000000102
30483,2.59,2.59,0.3,0.5387000000000002,0.2387000000000002,0.0
30492,4.36,3.6006000000000014,0.73,0.73,0.0,0.759399999999999
30511,3.26,3.26,1.13,0.9574000000000003,0.17259999999999964,0.0
30523,3.69,3.69,0.85,1.0926000000000002,0.24260000000000026,0.0
30528,2.95,2.95,0.59,0.6554999999999996,0.06549999999999967,0.0
30550,5.65,5.65,0.94,0.9580999999999997,0.018099999999999783,0.0
30692,1.47,1.47,0.5,0.6733000000000001,0.17330000000000012,0.0
30704,1.96,1.9617999999999995,0.71,0.71,0.0,0.0017999999999995797
30723,1.91,1.91,0.61,0.6350000000000002,0.025000000000000244,0.0
30776,5.66,4.3979,0.9,0.9,0.0,1.2621000000000002
30792,2.0,2.0,0.47,0.4858,0.015800000000000036,0.0
30848,0.2,0.2,0.15,0.1546,0.004599999999999993,0.0
30880,0.19,0.32059999999999994,0.12,0.12,0.0,0.13059999999999994
30887,0.29,0.29,0.12,0.12959999999999997,0.00959999999999997,0.0
30917,0.94,1.3136999999999999,0.52,0.52,0.0,0.3736999999999999
30923,1.2,1.5534000000000001,0.51,0.51,0.0,0.35340000000000016
30932,2.03,2.03,0.56,0.7116999999999999,0.15169999999999983,0.0
30996,3.13,4.6053999999999995,1.33,1.33,0.0,1.4753999999999996
31017,1.76,3.1451999999999987,1.17,1.17,0.0,1.3851999999999987
31020,2.13,2.8972999999999995,1.09,1.09,0.0,0.7672999999999996
31029,2.64,2.685799999999998,0.99,0.99,0.0,0.045799999999998064
31034,2.87,2.87,1.03,1.0400000000000005,0.010000000000000453,0.0
31046,6.4,6.2474,1.72,1.72,0.0,0.1526000000000005
31049,5.06,4.7686,1.54,1.54,0.0,0.29139999999999944
31051,4.38,4.38,1.61,1.4477000000000002,0.1622999999999999,0.0
31066,6.72,7.239000000000002,2.07,2.07,0.0,0.5190000000000019
31132,0.33,0.7659000000000004,0.48,0.48,0.0,0.43590000000000034
31145,1.84,2.719100000000001,0.69,0.69,0.0,0.8791000000000009
31146,1.98,1.98,0.76,0.8202999999999997,0.06029999999999969,0.0
31193,2.92,2.92,0.82,0.7886999999999996,0.03130000000000033,0.0
31329,3.18,1.2407000000000006,0.47,0.47,0.0,1.9392999999999996
31359,1.2,1.263100000000001,0.47,0.47,0.0,0.06310000000000104
31430,3.14,2.823300000000003,0.33,0.33,0.0,0.3166999999999973
31431,3.11,2.9248000000000025,0.36,0.36,0.0,0.18519999999999737
31474,5.38,4.848500000000002,0.7,0.7,0.0,0.5314999999999976
31475,6.45,6.45,0.84,0.9986000000000004,0.1586000000000004,0.0
31505,4.9,4.043399999999998,0.66,0.66,0.0,0.856600000000002
31526,3.91,3.2831999999999995,0.45,0.45,0.0,0.6268000000000007
31535,1.34,1.34,0.12,0.2482999999999999,0.12829999999999991,0.0
31559,4.67,4.67,0.79,1.0951,0.3050999999999999,0.0
31566,5.27,4.203300000000002,0.91,0.91,0.0,1.0666999999999973
31589,2.17,2.17,0.61,0.6013999999999999,0.008600000000000052,0.0
31592,2.21,2.21,0.84,0.7600999999999999,0.07990000000000008,0.0
31597,4.01,4.01,0.91,0.9163000000000001,0.006300000000000083,0.0
31603,1.19,1.19,0.44,0.44,0.0,0.0
31617,3.82,3.82,0.8,0.6657000000000002,0.13429999999999986,0.0
31624,2.59,2.2276000000000007,0.24,0.24,0.0,0.36239999999999917
31679,0.84,1.3685999999999994,0.48,0.48,0.0,0.5285999999999994
31683,0.76,1.6385000000000003,0.42,0.42,0.0,0.8785000000000003
31685,1.57,1.2991,0.56,0.56,0.0,0.27090000000000014
31690,2.34,2.471100000000001,0.94,0.94,0.0,0.13110000000000133
31697,4.69,4.69,0.98,0.9294999999999998,0.05050000000000021,0.0
31715,2.03,2.03,0.16,0.24530000000000005,0.08530000000000004,0.0
31734,0.77,0.7200000000000003,0.12,0.12,0.0,0.04999999999999971
31750,1.07,1.2875000000000005,0.31,0.31,0.0,0.21750000000000047
31762,1.52,2.1305000000000005,1.14,1.14,0.0,0.6105000000000005
31794,1.53,2.1768,0.53,0.53,0.0,0.6468
31866,3.51,3.51,0.89,1.2233999999999996,0.3333999999999996,0.0
31884,4.1,4.1184,1.05,1.05,0.0,0.018400000000000638
31896,3.52,3.2765999999999975,0.82,0.82,0.0,0.2434000000000025
31899,3.15,3.15,0.83,0.7957,0.0343,0.0
31941,4.08,2.4482000000000004,0.57,0.5960999999999999,0.0260999999999999,1.6317999999999997
31941,4.08,2.4482000000000004,0.57,0.5960999999999999,0.0260999999999999,1.6317999999999997
31943,3.11,2.1217,0.49,0.49,0.0,0.9882999999999997
31961,1.48,1.48,0.28,0.33769999999999994,0.05769999999999992,0.0
31987,2.2,2.2,0.31,0.3754000000000001,0.06540000000000012,0.0
32029,3.0,3.0,0.42,0.5926,0.17260000000000003,0.0
32128,1.57,1.8706999999999996,0.27,0.27,0.0,0.3006999999999995
32136,1.53,2.200200000000001,0.22,0.3693,0.14930000000000002,0.670200000000001
32136,1.53,2.200200000000001,0.22,0.3693,0.14930000000000002,0.670200000000001
32197,2.85,2.85,0.39,0.5494000000000002,0.1594000000000002,0.0
32328,6.48,6.48,1.15,1.2435,0.09350000000000014,0.0
32334,5.2,5.2,1.45,1.2831000000000004,0.1668999999999996,0.0
32366,2.74,2.5864,0.64,0.64,0.0,0.1536000000000004
32393,2.35,1.0241000000000005,0.02,0.02,0.0,1.3258999999999996
32416,2.95,2.8854999999999995,0.33,0.33,0.0,0.06450000000000067
32425,4.23,2.869599999999998,0.49,0.49,0.0,1.3604000000000025
32454,4.85,4.85,0.67,0.6327999999999997,0.037200000000000344,0.0
32491,3.81,2.9823000000000004,0.48,0.48,0.0,0.8276999999999997
32535,3.77,2.9441999999999986,0.6,0.6,0.0,0.8258000000000014
32762,2.75,2.4604999999999992,0.33,0.33,0.0,0.28950000000000076
32866,6.45,6.45,1.39,1.5382000000000005,0.14820000000000055,0.0
32899,0.56,0.56,0.13,0.10739999999999993,0.02260000000000008,0.0
32900,0.47,0.47,0.1,0.09769999999999994,0.002300000000000066,0.0
32914,1.85,1.85,0.6,0.4429,0.15709999999999996,0.0
32937,1.3,2.2276,0.56,0.56,0.0,0.9275999999999998
32962,3.95,3.95,1.58,1.3632999999999993,0.21670000000000078,0.0
32969,1.12,1.12,0.21,0.28730000000000006,0.07730000000000006,0.0
32970,0.85,1.0513000000000006,0.18,0.18,0.0,0.2013000000000006
32974,0.55,0.55,0.11,0.14850000000000002,0.03850000000000002,0.0
32985,0.8,0.8,0.14,0.14780000000000004,0.007800000000000029,0.0
32992,1.46,1.3836,0.2,0.2,0.0,0.07640000000000002
33012,1.17,1.6312000000000004,0.52,0.52,0.0,0.4612000000000005
33016,1.15,1.15,0.35,0.2794000000000002,0.07059999999999977,0.0
33018,1.21,1.21,0.4,0.3578,0.042200000000000015,0.0
33033,2.39,4.0193,1.08,1.08,0.0,1.6293000000000002
33040,1.78,1.4716999999999998,0.04,0.04,0.0,0.30830000000000024
33047,2.45,2.2393000000000005,0.72,0.5390999999999997,0.18090000000000028,0.21069999999999967
33047,2.45,2.2393000000000005,0.72,0.5390999999999997,0.18090000000000028,0.21069999999999967
33064,2.83,2.8180999999999994,0.64,0.64,0.0,0.011900000000000688
33098,4.33,4.33,1.13,1.0308000000000004,0.09919999999999951,0.0
33101,4.7,4.7,1.23,1.1746000000000003,0.05539999999999967,0.0
33119,1.97,1.97,0.26,0.4371999999999999,0.1771999999999999,0.0
33131,1.29,1.6032000000000002,0.19,0.19,0.0,0.31320000000000014
33138,1.1,1.4317999999999997,0.23,0.23,0.0,0.33179999999999965
33148,1.31,1.31,0.18,0.26499999999999985,0.08499999999999985,0.0
33153,1.19,1.3050999999999993,0.2,0.2,0.0,0.11509999999999931
33155,1.38,1.38,0.26,0.3600999999999999,0.10009999999999991,0.0
33214,2.78,3.143300000000001,0.68,0.68,0.0,0.36330000000000107
33220,2.97,2.981500000000001,0.68,0.68,0.0,0.011500000000000732
33245,3.98,3.98,0.93,0.9520999999999994,0.022099999999999342,0.0
33257,3.49,3.5964000000000005,0.8,0.8,0.0,0.10640000000000027
33270,2.1,2.2004000000000006,0.39,0.39,0.0,0.10040000000000049
33279,1.33,1.699799999999999,0.32,0.32,0.0,0.369799999999999
33298,1.6,1.6,0.36,0.48979999999999985,0.12979999999999986,0.0
33315,3.43,3.43,0.98,1.0501,0.07010000000000005,0.0
33333,4.25,4.25,1.22,1.1693999999999998,0.0506000000000002,0.0
33355,5.7,5.7,1.96,1.6423999999999999,0.3176000000000001,0.0
33362,5.64,5.64,1.61,1.569499999999999,0.04050000000000109,0.0
33364,3.65,3.65,1.07,0.9989999999999998,0.07100000000000029,0.0
33365,3.69,3.69,1.07,0.9574999999999999,0.11250000000000016,0.0
33384,4.83,4.1545,1.28,1.28,0.0,0.6755000000000004
33415,2.95,2.95,1.5,0.9885999999999995,0.5114000000000005,0.0
33455,2.14,2.14,0.47,0.5751000000000001,0.10510000000000008,0.0
33485,2.87,2.87,0.59,0.6556000000000001,0.0656000000000001,0.0
33544,1.92,2.083100000000001,0.29,0.29,0.0,0.1631000000000009
33545,2.24,2.0079000000000002,0.4,0.4,0.0,0.23209999999999997
33546,2.51,3.086399999999998,0.77,0.77,0.0,0.5763999999999982
33624,5.46,5.46,1.02,1.2385999999999988,0.2185999999999988,0.0
33654,7.41,7.41,1.6,1.8299000000000003,0.22990000000000022,0.0
33665,1.56,1.56,0.63,0.36190000000000005,0.26809999999999995,0.0
33681,1.04,1.04,0.2,0.21029999999999993,0.01029999999999992,0.0
33682,1.18,1.18,0.25,0.3123000000000001,0.06230000000000008,0.0
33750,6.96,6.96,1.49,1.6447000000000003,0.15470000000000028,0.0
33758,5.88,5.954800000000001,1.04,1.04,0.0,0.07480000000000153
33760,6.6,5.6658000000000035,1.13,1.13,0.0,0.9341999999999961
33792,3.83,3.83,0.77,0.9545,0.1845,0.0
33795,3.04,3.04,0.61,0.7130000000000004,0.10300000000000042,0.0
33820,6.04,6.04,1.23,1.5462,0.31620000000000004,0.0
33839,2.03,2.2472,0.49,0.49,0.0,0.21720000000000006
33850,2.19,2.9589999999999996,0.78,0.78,0.0,0.7689999999999997
33873,3.87,3.87,1.46,1.4330000000000005,0.02699999999999947,0.0
33876,4.18,4.718999999999999,1.48,1.48,0.0,0.5389999999999997
33972,5.1,5.1,0.97,1.4606000000000003,0.49060000000000037,0.0
34027,1.47,1.6205999999999992,0.19,0.19,0.0,0.15059999999999918
34034,1.84,2.1912000000000003,0.5,0.5,0.0,0.3512000000000002
34044,1.67,1.67,0.35,0.3851,0.03510000000000002,0.0
34048,1.57,1.7763999999999995,0.25,0.25,0.0,0.20639999999999947
34063,1.48,1.7298999999999995,0.39,0.39,0.0,0.24989999999999957
34064,1.78,1.78,0.44,0.41259999999999997,0.027400000000000035,0.0
34088,4.55,4.55,1.2,1.4201,0.22009999999999996,0.0
34133,1.42,1.4434000000000007,0.25,0.25,0.0,0.023400000000000754
34143,2.99,2.7239000000000004,0.71,0.71,0.0,0.2660999999999998
34166,5.47,5.47,1.3,1.6224,0.3224,0.0
34181,1.56,1.7997999999999994,0.48,0.48,0.0,0.23979999999999935
34183,1.85,1.85,0.55,0.5434,0.00660000000000005,0.0
34188,3.64,3.850399999999997,1.03,1.03,0.0,0.2103999999999968
34210,0.69,1.2215,0.19,0.19,0.0,0.5315000000000001
34253,4.96,4.96,1.14,1.2441999999999995,0.10419999999999963,0.0
34291,5.03,4.8249999999999975,1.28,1.28,0.0,0.20500000000000274
34304,4.01,4.01,1.02,1.0930999999999997,0.07309999999999972,0.0
34316,6.62,6.213099999999997,1.25,1.25,0.0,0.4069000000000029
34331,6.36,6.207900000000002,1.46,1.46,0.0,0.15209999999999813
34426,1.47,1.47,0.28,0.37260000000000004,0.09260000000000002,0.0
34531,5.87,6.290599999999999,1.76,1.76,0.0,0.42059999999999853
34539,3.23,3.2478999999999996,0.78,0.78,0.0,0.017899999999999583
34562,4.93,5.153299999999999,1.34,1.34,0.0,0.22329999999999917
34622,2.73,2.7268,0.74,0.74,0.0,0.0032000000000000917
34660,4.54,4.54,1.33,1.3500000000000003,0.02000000000000024,0.0
34702,3.33,3.0854999999999984,0.64,0.64,0.0,0.24450000000000172
34722,3.14,2.385500000000001,0.57,0.57,0.0,0.7544999999999993
34827,3.51,3.6525000000000016,0.91,0.91,0.0,0.14250000000000185
34830,3.27,3.27,0.96,1.0133999999999994,0.05339999999999945,0.0
34836,3.14,3.4956,0.95,0.95,0.0,0.3555999999999999
34839,4.16,4.705400000000001,1.27,1.27,0.0,0.5454000000000008
34863,4.18,4.18,1.18,1.0419000000000005,0.13809999999999945,0.0
34877,4.88,4.88,1.35,1.3258000000000012,0.02419999999999889,0.0
34884,4.75,4.75,1.32,1.554500000000001,0.23450000000000104,0.0
34937,3.57,3.57,1.16,1.0089000000000001,0.1510999999999998,0.0
34945,2.94,3.9717999999999996,0.94,0.94,0.0,1.0317999999999996
34993,3.05,3.05,0.61,0.8846,0.27460000000000007,0.0
34999,2.1,2.1,0.42,0.5033000000000003,0.08330000000000032,0.0
35021,1.59,1.59,0.38,0.48239999999999994,0.10239999999999994,0.0
35022,1.77,1.77,0.48,0.6644999999999999,0.1844999999999999,0.0
35031,5.2,4.631300000000001,1.33,1.33,0.0,0.5686999999999989
35049,3.01,2.5861,0.9,0.9,0.0,0.4238999999999997
